po_id,supplier_id,sku,order_date,promised_date,received_date,qty_ordered,qty_received,unit_cost,freight_cost
PO-5001,13,SKU-1022,2025-01-09,2025-01-24,2025-01-23,100,100,40.18,5.58
PO-5002,18,SKU-1030,2025-01-09,2025-01-20,2025-01-20,250,250,34.59,34.66
PO-5003,3,SKU-1008,2025-01-12,2025-01-30,2025-01-27,100,100,5.98,6.19
PO-5004,25,SKU-1012,2025-01-08,2025-01-31,2025-01-31,1000,1000,40.28,127.58
PO-5005,5,SKU-1035,2025-01-10,2025-01-20,2025-01-19,100,100,26.66,28.99
PO-5006,6,SKU-1028,2025-01-06,2025-01-23,2025-01-20,1000,933,38.26,75.12
PO-5007,8,SKU-1005,2025-01-08,2025-01-24,2025-01-24,100,100,39.74,21.59
PO-5008,9,SKU-1040,2025-01-07,2025-01-24,2025-01-22,100,100,25.31,12.86
PO-5009,6,SKU-1013,2025-01-08,2025-01-25,2025-01-23,250,250,10.66,62.91
PO-5010,9,SKU-1023,2025-01-12,2025-01-29,2025-01-28,100,76,5.91,20.17
PO-5011,7,SKU-1033,2025-01-09,2025-01-29,2025-01-29,100,100,40.16,24.5
PO-5012,22,SKU-1032,2025-01-10,2025-02-04,2025-02-17,750,750,11.77,85.92
PO-5013,8,SKU-1022,2025-01-07,2025-01-23,2025-01-21,500,500,40.18,172.28
PO-5014,5,SKU-1001,2025-01-06,2025-01-16,2025-01-15,500,500,26.05,37.67
PO-5015,17,SKU-1043,2025-01-15,2025-02-04,2025-02-03,100,100,34.91,9.73
PO-5016,15,SKU-1001,2025-01-15,2025-02-04,2025-02-03,750,750,26.05,45.25
PO-5017,10,SKU-1014,2025-01-15,2025-01-29,2025-01-28,500,464,8.64,100.41
PO-5018,7,SKU-1016,2025-01-17,2025-02-06,2025-02-03,250,250,39.97,23.29
PO-5019,19,SKU-1003,2025-01-16,2025-02-08,2025-02-07,1000,1000,2.8,225.67
PO-5020,17,SKU-1055,2025-01-19,2025-02-08,2025-02-08,250,250,38.85,49.56
PO-5021,10,SKU-1047,2025-01-17,2025-01-31,2025-01-28,1000,1000,22.9,238.2
PO-5022,24,SKU-1045,2025-01-19,2025-02-04,2025-02-01,1000,1000,18.3,317.85
PO-5023,22,SKU-1045,2025-01-18,2025-02-12,2025-02-09,100,100,18.3,15.82
PO-5024,4,SKU-1025,2025-01-19,2025-02-02,2025-01-30,1000,863,20.73,254.2
PO-5025,16,SKU-1017,2025-01-13,2025-01-23,2025-01-20,1000,1000,17.44,319.36
PO-5026,3,SKU-1043,2025-01-17,2025-02-04,2025-02-04,250,250,34.91,75.96
PO-5027,24,SKU-1049,2025-01-21,2025-02-06,2025-02-06,500,500,26.46,36.51
PO-5028,22,SKU-1019,2025-01-26,2025-02-20,2025-02-18,100,100,5.69,14.95
PO-5029,21,SKU-1048,2025-01-25,2025-02-14,2025-02-12,100,100,26.03,19.57
PO-5030,22,SKU-1007,2025-01-25,2025-02-19,2025-02-19,250,250,2.12,33.92
PO-5031,15,SKU-1030,2025-01-26,2025-02-15,2025-02-13,250,250,34.59,82.72
PO-5032,1,SKU-1019,2025-01-23,2025-02-11,2025-02-11,250,250,5.69,81.24
PO-5033,7,SKU-1005,2025-01-24,2025-02-13,2025-02-12,250,250,39.74,74.02
PO-5034,17,SKU-1018,2025-01-20,2025-02-09,2025-02-07,500,500,3.74,97.92
PO-5035,1,SKU-1011,2025-01-20,2025-02-08,2025-02-23,500,500,36.45,46.11
PO-5036,13,SKU-1021,2025-01-27,2025-02-11,2025-02-08,250,250,2.24,75.43
PO-5037,4,SKU-1060,2025-01-28,2025-02-11,2025-02-10,250,250,7.84,41.97
PO-5038,19,SKU-1005,2025-01-29,2025-02-21,2025-03-02,100,100,39.74,6.55
PO-5039,22,SKU-1019,2025-02-01,2025-02-26,2025-03-06,250,250,5.69,36.17
PO-5040,25,SKU-1024,2025-02-02,2025-02-25,2025-02-26,1000,1000,13.92,312.72
PO-5041,18,SKU-1036,2025-01-28,2025-02-08,2025-02-05,1000,1000,33.83,234.47
PO-5042,5,SKU-1042,2025-02-02,2025-02-12,2025-02-09,750,750,33.81,143.74
PO-5043,11,SKU-1019,2025-01-29,2025-02-15,2025-02-14,500,500,5.69,70.13
PO-5044,18,SKU-1043,2025-01-30,2025-02-10,2025-02-08,100,100,34.91,32.18
PO-5045,16,SKU-1036,2025-01-28,2025-02-07,2025-02-06,500,500,33.83,107.17
PO-5046,8,SKU-1006,2025-01-28,2025-02-13,2025-02-10,250,250,27.6,31.88
PO-5047,1,SKU-1048,2025-02-09,2025-02-28,2025-02-28,1000,1000,26.03,163.06
PO-5048,11,SKU-1049,2025-02-03,2025-02-20,2025-02-19,200,200,26.46,41.75
PO-5049,7,SKU-1006,2025-02-05,2025-02-25,2025-03-10,500,500,27.6,89.78
PO-5050,10,SKU-1055,2025-02-09,2025-02-23,2025-02-20,200,154,38.85,55.82
PO-5051,16,SKU-1038,2025-02-06,2025-02-16,2025-02-16,750,750,33.87,256.25
PO-5052,8,SKU-1051,2025-02-03,2025-02-19,2025-02-17,750,750,11.34,62.0
PO-5053,24,SKU-1045,2025-02-08,2025-02-24,2025-02-24,100,100,18.3,6.19
PO-5054,5,SKU-1015,2025-02-07,2025-02-17,2025-02-16,200,200,23.01,41.7
PO-5055,14,SKU-1045,2025-02-09,2025-03-01,2025-02-26,250,250,18.3,56.22
PO-5056,9,SKU-1015,2025-02-16,2025-03-05,2025-03-02,750,750,23.01,141.16
PO-5057,11,SKU-1042,2025-02-16,2025-03-05,2025-03-21,750,750,33.81,93.09
PO-5058,14,SKU-1046,2025-02-15,2025-03-07,2025-03-04,200,200,28.23,50.47
PO-5059,14,SKU-1006,2025-02-12,2025-03-04,2025-03-04,250,250,27.6,15.06
PO-5060,11,SKU-1046,2025-02-13,2025-03-02,2025-03-02,200,181,28.23,54.35
PO-5061,17,SKU-1005,2025-02-11,2025-03-03,2025-03-01,250,250,39.74,27.04
PO-5062,15,SKU-1015,2025-02-12,2025-03-04,2025-03-03,100,100,23.01,19.87
PO-5063,6,SKU-1058,2025-02-11,2025-02-28,2025-02-25,750,750,39.53,126.03
PO-5064,7,SKU-1002,2025-02-14,2025-03-06,2025-03-03,1000,899,7.93,184.89
PO-5065,23,SKU-1057,2025-02-12,2025-02-20,2025-02-17,200,200,18.68,21.13
PO-5066,17,SKU-1048,2025-02-13,2025-03-05,2025-03-05,250,250,26.03,45.68
PO-5067,4,SKU-1001,2025-02-10,2025-02-24,2025-02-23,500,500,26.05,43.56
PO-5068,13,SKU-1023,2025-02-23,2025-03-10,2025-03-10,100,84,5.91,10.87
PO-5069,18,SKU-1059,2025-02-20,2025-03-03,2025-03-02,1000,1000,40.68,59.08
PO-5070,14,SKU-1016,2025-02-23,2025-03-15,2025-03-15,100,100,39.97,18.92
PO-5071,2,SKU-1017,2025-02-18,2025-02-28,2025-02-27,250,250,17.44,84.33
PO-5072,20,SKU-1003,2025-02-19,2025-02-26,2025-02-25,250,250,2.8,66.62
PO-5073,20,SKU-1059,2025-02-23,2025-03-02,2025-02-27,100,100,40.68,8.22
PO-5074,23,SKU-1030,2025-02-23,2025-03-03,2025-03-02,500,500,34.59,44.91
PO-5075,16,SKU-1012,2025-02-17,2025-02-27,2025-02-26,1000,1000,40.28,232.18
PO-5076,11,SKU-1056,2025-02-19,2025-03-08,2025-03-05,750,750,6.16,206.9
PO-5077,14,SKU-1005,2025-03-01,2025-03-21,2025-03-20,200,200,39.74,63.01
PO-5078,3,SKU-1017,2025-02-28,2025-03-18,2025-03-15,500,500,17.44,131.47
PO-5079,15,SKU-1012,2025-02-25,2025-03-17,2025-03-17,750,750,40.28,90.36
PO-5080,18,SKU-1055,2025-03-02,2025-03-13,2025-03-10,250,250,38.85,55.02
PO-5081,12,SKU-1017,2025-03-01,2025-03-15,2025-03-15,200,200,17.44,24.13
PO-5082,10,SKU-1057,2025-02-28,2025-03-14,2025-03-11,500,500,18.68,61.89
PO-5083,17,SKU-1015,2025-03-01,2025-03-21,2025-03-21,100,100,23.01,19.24
PO-5084,8,SKU-1054,2025-02-27,2025-03-15,2025-03-12,250,250,21.93,16.28
PO-5085,20,SKU-1053,2025-02-28,2025-03-07,2025-03-04,250,250,26.19,25.83
PO-5086,25,SKU-1050,2025-03-08,2025-03-31,2025-04-04,1000,1000,22.85,235.98
PO-5087,7,SKU-1003,2025-03-05,2025-03-25,2025-03-22,200,200,2.8,12.29
PO-5088,24,SKU-1042,2025-03-04,2025-03-20,2025-03-19,500,500,33.81,52.77
PO-5089,10,SKU-1005,2025-03-04,2025-03-18,2025-03-18,750,750,39.74,129.34
PO-5090,13,SKU-1043,2025-03-07,2025-03-22,2025-03-19,1000,1000,34.91,258.62
PO-5091,14,SKU-1019,2025-03-08,2025-03-28,2025-03-25,250,250,5.69,78.78
PO-5092,14,SKU-1027,2025-03-03,2025-03-23,2025-04-04,1000,1000,41.12,268.41
PO-5093,7,SKU-1001,2025-03-06,2025-03-26,2025-04-09,100,100,26.05,17.19
PO-5094,12,SKU-1030,2025-03-09,2025-03-23,2025-03-20,100,100,34.59,24.22
PO-5095,13,SKU-1006,2025-03-07,2025-03-22,2025-03-21,1000,1000,27.6,93.77
PO-5096,6,SKU-1034,2025-03-11,2025-03-28,2025-04-01,500,500,10.46,145.72
PO-5097,7,SKU-1020,2025-03-11,2025-03-31,2025-03-28,500,500,24.32,116.15
PO-5098,21,SKU-1025,2025-03-10,2025-03-30,2025-04-05,1000,1000,20.73,116.62
PO-5099,13,SKU-1040,2025-03-16,2025-03-31,2025-03-31,200,200,25.31,12.5
PO-5100,17,SKU-1011,2025-03-13,2025-04-02,2025-03-31,200,200,36.45,58.94
PO-5101,7,SKU-1003,2025-03-14,2025-04-03,2025-03-31,1000,1000,2.8,85.32
PO-5102,20,SKU-1030,2025-03-14,2025-03-21,2025-03-20,1000,1000,34.59,224.79
PO-5103,14,SKU-1025,2025-03-15,2025-04-04,2025-04-04,200,160,20.73,69.17
PO-5104,15,SKU-1016,2025-03-13,2025-04-02,2025-04-02,200,200,39.97,34.02
PO-5105,3,SKU-1009,2025-03-12,2025-03-30,2025-03-27,500,500,31.33,123.56
PO-5106,21,SKU-1009,2025-03-17,2025-04-06,2025-04-17,1000,1000,31.33,66.28
PO-5107,17,SKU-1058,2025-03-20,2025-04-09,2025-04-07,100,100,39.53,34.88
PO-5108,24,SKU-1045,2025-03-23,2025-04-08,2025-04-06,500,500,18.3,146.65
PO-5109,6,SKU-1044,2025-03-23,2025-04-09,2025-04-07,100,100,13.15,23.31
PO-5110,9,SKU-1011,2025-03-19,2025-04-05,2025-04-14,500,500,36.45,100.33
PO-5111,16,SKU-1014,2025-03-21,2025-03-31,2025-03-29,250,250,8.64,27.42
PO-5112,6,SKU-1041,2025-03-26,2025-04-12,2025-04-12,200,200,7.56,25.86
PO-5113,25,SKU-1034,2025-03-24,2025-04-16,2025-04-15,500,500,10.46,112.01
PO-5114,4,SKU-1017,2025-03-28,2025-04-11,2025-04-11,1000,1000,17.44,129.43
PO-5115,12,SKU-1037,2025-03-25,2025-04-08,2025-04-05,500,500,20.7,117.31
PO-5116,2,SKU-1019,2025-03-30,2025-04-09,2025-04-08,1000,1000,5.69,311.09
PO-5117,22,SKU-1058,2025-03-26,2025-04-20,2025-04-17,200,200,39.53,46.96
PO-5118,14,SKU-1027,2025-03-28,2025-04-17,2025-04-14,200,200,41.12,46.75
PO-5119,2,SKU-1002,2025-03-24,2025-04-03,2025-04-02,250,250,7.93,39.29
PO-5120,8,SKU-1027,2025-03-28,2025-04-13,2025-04-11,200,200,41.12,59.71
PO-5121,6,SKU-1009,2025-03-24,2025-04-10,2025-04-18,1000,1000,31.33,78.74
PO-5122,21,SKU-1010,2025-03-30,2025-04-19,2025-04-18,500,500,7.99,170.07
PO-5123,2,SKU-1042,2025-03-30,2025-04-09,2025-04-08,750,750,33.81,137.34
PO-5124,24,SKU-1032,2025-04-01,2025-04-17,2025-04-14,100,99,11.77,17.18
PO-5125,8,SKU-1011,2025-03-31,2025-04-16,2025-04-13,100,100,36.45,24.7
PO-5126,7,SKU-1010,2025-04-03,2025-04-23,2025-04-23,750,750,7.99,107.11
PO-5127,10,SKU-1041,2025-03-31,2025-04-14,2025-04-30,1000,1000,7.56,162.55
PO-5128,14,SKU-1048,2025-04-03,2025-04-23,2025-04-23,200,200,26.03,16.32
PO-5129,8,SKU-1042,2025-03-31,2025-04-16,2025-04-15,1000,837,33.81,216.14
PO-5130,14,SKU-1044,2025-04-06,2025-04-26,2025-05-05,250,250,13.15,84.89
PO-5131,7,SKU-1006,2025-04-04,2025-04-24,2025-04-23,200,200,27.6,22.17
PO-5132,6,SKU-1048,2025-04-02,2025-04-19,2025-04-19,250,250,26.03,40.96
PO-5133,21,SKU-1059,2025-04-05,2025-04-25,2025-05-13,500,500,40.68,104.59
PO-5134,1,SKU-1055,2025-03-31,2025-04-19,2025-04-17,750,750,38.85,215.07
PO-5135,13,SKU-1040,2025-04-04,2025-04-19,2025-04-17,200,192,25.31,16.4
PO-5136,6,SKU-1023,2025-04-01,2025-04-18,2025-04-15,100,100,5.91,24.31
PO-5137,2,SKU-1045,2025-03-31,2025-04-10,2025-04-07,750,750,18.3,82.35
PO-5138,22,SKU-1005,2025-04-13,2025-05-08,2025-05-08,100,100,39.74,11.09
PO-5139,2,SKU-1003,2025-04-13,2025-04-23,2025-04-20,1000,1000,2.8,193.13
PO-5140,5,SKU-1007,2025-04-13,2025-04-23,2025-04-21,250,250,2.12,44.28
PO-5141,1,SKU-1023,2025-04-09,2025-04-28,2025-04-30,1000,1000,5.91,323.1
PO-5142,25,SKU-1039,2025-04-11,2025-05-04,2025-05-03,750,750,30.77,215.04
PO-5143,1,SKU-1028,2025-04-11,2025-04-30,2025-04-29,500,500,38.26,105.68
PO-5144,7,SKU-1046,2025-04-13,2025-05-03,2025-05-02,200,200,28.23,41.41
PO-5145,10,SKU-1049,2025-04-13,2025-04-27,2025-04-28,250,250,26.46,49.36
PO-5146,6,SKU-1032,2025-04-11,2025-04-28,2025-04-27,750,750,11.77,101.34
PO-5147,7,SKU-1045,2025-04-08,2025-04-28,2025-04-25,1000,1000,18.3,197.09
PO-5148,23,SKU-1036,2025-04-13,2025-04-21,2025-04-20,250,250,33.83,82.14
PO-5149,24,SKU-1006,2025-04-10,2025-04-26,2025-04-23,250,250,27.6,32.24
PO-5150,18,SKU-1033,2025-04-08,2025-04-19,2025-04-17,500,500,40.16,114.11
PO-5151,23,SKU-1049,2025-04-11,2025-04-19,2025-04-18,750,750,26.46,72.45
PO-5152,22,SKU-1036,2025-04-19,2025-05-14,2025-05-14,500,500,33.83,63.58
PO-5153,8,SKU-1009,2025-04-16,2025-05-02,2025-04-30,750,750,31.33,105.34
PO-5154,23,SKU-1053,2025-04-20,2025-04-28,2025-04-26,200,200,26.19,46.17
PO-5155,12,SKU-1011,2025-04-15,2025-04-29,2025-04-27,250,250,36.45,67.15
PO-5156,4,SKU-1011,2025-04-19,2025-05-03,2025-05-03,200,200,36.45,57.69
PO-5157,24,SKU-1020,2025-04-17,2025-05-03,2025-04-30,1000,1000,24.32,134.24
PO-5158,13,SKU-1030,2025-04-14,2025-04-29,2025-04-29,1000,1000,34.59,344.26
PO-5159,10,SKU-1030,2025-04-14,2025-04-28,2025-04-28,100,100,34.59,32.24
PO-5160,14,SKU-1045,2025-04-18,2025-05-08,2025-05-08,200,200,18.3,49.15
PO-5161,25,SKU-1042,2025-04-19,2025-05-12,2025-05-10,1000,1000,33.81,87.26
PO-5162,14,SKU-1021,2025-04-16,2025-05-06,2025-05-03,500,500,2.24,85.02
PO-5163,23,SKU-1041,2025-04-15,2025-04-23,2025-04-23,500,500,7.56,118.24
PO-5164,14,SKU-1034,2025-04-19,2025-05-09,2025-05-07,1000,1000,10.46,53.19
PO-5165,4,SKU-1003,2025-04-23,2025-05-07,2025-05-05,1000,1000,2.8,332.18
PO-5166,17,SKU-1023,2025-04-21,2025-05-11,2025-05-11,750,750,5.91,144.54
PO-5167,1,SKU-1041,2025-04-27,2025-05-16,2025-05-15,500,500,7.56,93.54
PO-5168,22,SKU-1012,2025-04-24,2025-05-19,2025-05-16,1000,1000,40.28,156.64
PO-5169,2,SKU-1017,2025-04-23,2025-05-03,2025-04-30,100,86,17.44,23.86
PO-5170,22,SKU-1023,2025-04-25,2025-05-20,2025-05-18,250,250,5.91,82.99
PO-5171,17,SKU-1015,2025-04-27,2025-05-17,2025-06-01,200,200,23.01,65.77
PO-5172,3,SKU-1052,2025-04-27,2025-05-15,2025-05-15,1000,1000,19.65,117.8
PO-5173,5,SKU-1023,2025-04-26,2025-05-06,2025-05-06,500,500,5.91,138.98
PO-5174,21,SKU-1009,2025-04-27,2025-05-17,2025-05-29,200,200,31.33,32.57
PO-5175,9,SKU-1028,2025-04-26,2025-05-13,2025-05-10,1000,1000,38.26,157.39
PO-5176,21,SKU-1020,2025-04-23,2025-05-13,2025-05-13,750,750,24.32,185.83
PO-5177,12,SKU-1010,2025-04-23,2025-05-07,2025-05-04,100,100,7.99,32.17
PO-5178,17,SKU-1054,2025-04-30,2025-05-20,2025-05-17,1000,756,21.93,71.6
PO-5179,10,SKU-1017,2025-05-02,2025-05-16,2025-05-14,200,200,17.44,37.12
PO-5180,5,SKU-1014,2025-05-01,2025-05-11,2025-05-09,750,750,8.64,174.38
PO-5181,3,SKU-1043,2025-05-02,2025-05-20,2025-05-19,200,200,34.91,22.79
PO-5182,3,SKU-1048,2025-05-04,2025-05-22,2025-05-19,750,750,26.03,131.78
PO-5183,5,SKU-1031,2025-05-01,2025-05-11,2025-05-11,500,500,15.71,130.06
PO-5184,8,SKU-1032,2025-04-29,2025-05-15,2025-05-12,200,200,11.77,38.08
PO-5185,19,SKU-1032,2025-05-03,2025-05-26,2025-05-26,250,250,11.77,87.5
PO-5186,6,SKU-1041,2025-05-07,2025-05-24,2025-05-21,100,100,7.56,25.48
PO-5187,11,SKU-1052,2025-05-05,2025-05-22,2025-05-22,200,154,19.65,34.94
PO-5188,5,SKU-1022,2025-05-05,2025-05-15,2025-05-14,250,250,40.18,51.92
PO-5189,25,SKU-1059,2025-05-06,2025-05-29,2025-05-28,500,500,40.68,32.91
PO-5190,10,SKU-1019,2025-05-07,2025-05-21,2025-05-21,250,250,5.69,32.88
PO-5191,17,SKU-1023,2025-05-06,2025-05-26,2025-05-23,250,250,5.91,65.99
PO-5192,5,SKU-1038,2025-05-10,2025-05-20,2025-05-17,500,500,33.87,157.84
PO-5193,19,SKU-1004,2025-05-15,2025-06-07,2025-06-04,100,100,25.45,32.64
PO-5194,20,SKU-1050,2025-05-17,2025-05-24,2025-05-24,750,750,22.85,189.08
PO-5195,23,SKU-1039,2025-05-17,2025-05-25,2025-05-22,1000,1000,30.77,237.58
PO-5196,6,SKU-1007,2025-05-17,2025-06-03,2025-05-31,500,500,2.12,162.11
PO-5197,21,SKU-1001,2025-05-14,2025-06-03,2025-06-08,250,250,26.05,31.85
PO-5198,10,SKU-1012,2025-05-15,2025-05-29,2025-05-26,500,500,40.28,111.74
PO-5199,2,SKU-1032,2025-05-16,2025-05-26,2025-05-23,500,500,11.77,162.79
PO-5200,15,SKU-1005,2025-05-12,2025-06-01,2025-05-30,500,500,39.74,107.32
PO-5201,3,SKU-1042,2025-05-15,2025-06-02,2025-05-31,1000,998,33.81,52.8
PO-5202,22,SKU-1008,2025-05-18,2025-06-12,2025-06-09,200,200,5.98,26.53
PO-5203,19,SKU-1016,2025-05-15,2025-06-07,2025-06-05,100,100,39.97,27.42
PO-5204,23,SKU-1055,2025-05-13,2025-05-21,2025-05-18,250,250,38.85,65.69
PO-5205,15,SKU-1043,2025-05-14,2025-06-03,2025-06-05,1000,984,34.91,54.42
PO-5206,21,SKU-1044,2025-05-18,2025-06-07,2025-06-07,250,250,13.15,57.51
PO-5207,20,SKU-1004,2025-05-21,2025-05-28,2025-05-28,500,500,25.45,46.74
PO-5208,4,SKU-1024,2025-05-24,2025-06-07,2025-06-07,500,500,13.92,142.94
PO-5209,9,SKU-1051,2025-05-25,2025-06-11,2025-06-10,250,208,11.34,65.24
PO-5210,20,SKU-1022,2025-05-25,2025-06-01,2025-05-29,200,200,40.18,28.52
PO-5211,14,SKU-1057,2025-05-20,2025-06-09,2025-06-09,750,750,18.68,90.23
PO-5212,15,SKU-1019,2025-05-24,2025-06-13,2025-06-12,250,250,5.69,56.5
PO-5213,25,SKU-1057,2025-05-25,2025-06-17,2025-06-15,750,750,18.68,256.96
PO-5214,18,SKU-1044,2025-05-25,2025-06-05,2025-06-04,750,608,13.15,146.57
PO-5215,13,SKU-1013,2025-05-25,2025-06-09,2025-06-07,250,250,10.66,63.32
PO-5216,15,SKU-1046,2025-05-20,2025-06-09,2025-06-10,500,500,28.23,38.16
PO-5217,12,SKU-1050,2025-05-19,2025-06-02,2025-06-01,750,750,22.85,151.39
PO-5218,7,SKU-1013,2025-05-20,2025-06-09,2025-06-07,1000,1000,10.66,223.36
PO-5219,12,SKU-1026,2025-05-25,2025-06-08,2025-06-06,200,168,15.96,32.44
PO-5220,12,SKU-1041,2025-05-29,2025-06-12,2025-06-10,250,250,7.56,38.37
PO-5221,17,SKU-1039,2025-05-26,2025-06-15,2025-06-13,750,750,30.77,165.12
PO-5222,9,SKU-1060,2025-06-01,2025-06-18,2025-06-15,500,500,7.84,147.82
PO-5223,5,SKU-1017,2025-06-01,2025-06-11,2025-06-09,200,200,17.44,11.65
PO-5224,2,SKU-1036,2025-05-28,2025-06-07,2025-06-07,500,500,33.83,161.49
PO-5225,3,SKU-1056,2025-05-30,2025-06-17,2025-06-14,1000,1000,6.16,127.16
PO-5226,19,SKU-1015,2025-05-31,2025-06-23,2025-06-23,200,200,23.01,19.58
PO-5227,24,SKU-1015,2025-06-03,2025-06-19,2025-06-18,250,214,23.01,80.34
PO-5228,2,SKU-1017,2025-06-08,2025-06-18,2025-06-18,100,100,17.44,14.53
PO-5229,1,SKU-1013,2025-06-07,2025-06-26,2025-06-26,1000,1000,10.66,147.18
PO-5230,9,SKU-1025,2025-06-02,2025-06-19,2025-06-19,200,200,20.73,58.45
PO-5231,22,SKU-1058,2025-06-02,2025-06-27,2025-06-25,100,100,39.53,29.99
PO-5232,3,SKU-1060,2025-06-06,2025-06-24,2025-06-29,500,500,7.84,163.89
PO-5233,13,SKU-1054,2025-06-02,2025-06-17,2025-06-17,250,250,21.93,30.04
PO-5234,4,SKU-1041,2025-06-04,2025-06-18,2025-06-16,1000,817,7.56,185.41
PO-5235,5,SKU-1029,2025-06-08,2025-06-18,2025-06-18,500,500,32.99,28.81
PO-5236,11,SKU-1052,2025-06-10,2025-06-27,2025-06-24,250,250,19.65,48.68
PO-5237,5,SKU-1033,2025-06-09,2025-06-19,2025-06-17,750,750,40.16,101.9
PO-5238,9,SKU-1049,2025-06-10,2025-06-27,2025-07-11,250,250,26.46,81.88
PO-5239,4,SKU-1025,2025-06-11,2025-06-25,2025-06-23,100,100,20.73,34.36
PO-5240,5,SKU-1041,2025-06-09,2025-06-19,2025-06-18,750,750,7.56,37.93
PO-5241,17,SKU-1019,2025-06-10,2025-06-30,2025-06-27,500,500,5.69,110.7
PO-5242,5,SKU-1054,2025-06-10,2025-06-20,2025-06-18,1000,1000,21.93,230.2
PO-5243,3,SKU-1057,2025-06-13,2025-07-01,2025-06-30,200,200,18.68,46.75
PO-5244,23,SKU-1041,2025-06-15,2025-06-23,2025-06-22,200,155,7.56,53.96
PO-5245,14,SKU-1054,2025-06-14,2025-07-04,2025-07-21,250,250,21.93,75.64
PO-5246,3,SKU-1001,2025-06-19,2025-07-07,2025-07-23,200,200,26.05,25.98
PO-5247,6,SKU-1037,2025-06-22,2025-07-09,2025-07-11,200,200,20.7,44.5
PO-5248,1,SKU-1023,2025-06-20,2025-07-09,2025-07-26,100,100,5.91,26.44
PO-5249,11,SKU-1050,2025-06-21,2025-07-08,2025-07-10,250,250,22.85,84.05
PO-5250,16,SKU-1029,2025-06-20,2025-06-30,2025-06-28,100,100,32.99,7.66
PO-5251,20,SKU-1012,2025-06-17,2025-06-24,2025-06-23,750,750,40.28,44.27
PO-5252,4,SKU-1060,2025-06-21,2025-07-05,2025-07-04,100,100,7.84,24.11
PO-5253,15,SKU-1034,2025-06-17,2025-07-07,2025-07-04,250,250,10.46,66.28
PO-5254,2,SKU-1018,2025-06-16,2025-06-26,2025-06-25,100,100,3.74,17.17
PO-5255,5,SKU-1035,2025-06-20,2025-06-30,2025-06-28,200,200,26.66,37.72
PO-5256,13,SKU-1011,2025-06-22,2025-07-07,2025-07-07,1000,1000,36.45,301.92
PO-5257,17,SKU-1003,2025-06-19,2025-07-09,2025-07-11,250,250,2.8,30.53
PO-5258,11,SKU-1046,2025-06-19,2025-07-06,2025-07-05,500,500,28.23,33.03
PO-5259,5,SKU-1044,2025-06-25,2025-07-05,2025-07-05,1000,1000,13.15,159.33
PO-5260,17,SKU-1012,2025-06-23,2025-07-13,2025-07-11,750,750,40.28,88.23
PO-5261,14,SKU-1026,2025-06-29,2025-07-19,2025-08-03,1000,773,15.96,341.99
PO-5262,2,SKU-1003,2025-06-29,2025-07-09,2025-07-08,1000,1000,2.8,238.47
PO-5263,2,SKU-1040,2025-06-23,2025-07-03,2025-06-30,500,500,25.31,30.91
PO-5264,4,SKU-1020,2025-06-25,2025-07-09,2025-07-06,100,100,24.32,33.68
PO-5265,17,SKU-1058,2025-06-25,2025-07-15,2025-07-13,500,500,39.53,44.71
PO-5266,10,SKU-1059,2025-06-26,2025-07-10,2025-07-09,200,200,40.68,54.42
PO-5267,10,SKU-1054,2025-06-26,2025-07-10,2025-07-08,1000,1000,21.93,214.57
PO-5268,12,SKU-1030,2025-06-27,2025-07-11,2025-07-11,500,500,34.59,29.64
PO-5269,11,SKU-1015,2025-06-24,2025-07-11,2025-07-11,750,750,23.01,245.44
PO-5270,6,SKU-1056,2025-06-24,2025-07-11,2025-07-10,500,500,6.16,156.76
PO-5271,7,SKU-1019,2025-06-23,2025-07-13,2025-07-11,750,660,5.69,136.5
PO-5272,2,SKU-1034,2025-06-26,2025-07-06,2025-07-05,1000,1000,10.46,206.28
PO-5273,14,SKU-1022,2025-07-05,2025-07-25,2025-07-23,750,750,40.18,99.77
PO-5274,17,SKU-1007,2025-07-05,2025-07-25,2025-07-25,250,250,2.12,65.64
PO-5275,23,SKU-1009,2025-07-03,2025-07-11,2025-07-08,500,500,31.33,112.88
PO-5276,16,SKU-1026,2025-07-04,2025-07-14,2025-07-13,750,750,15.96,122.9
PO-5277,15,SKU-1045,2025-07-03,2025-07-23,2025-07-22,250,250,18.3,51.96
PO-5278,20,SKU-1025,2025-07-05,2025-07-12,2025-07-12,500,500,20.73,52.63
PO-5279,10,SKU-1052,2025-07-01,2025-07-15,2025-07-15,750,750,19.65,222.37
PO-5280,11,SKU-1021,2025-07-06,2025-07-23,2025-07-21,250,250,2.24,44.48
PO-5281,1,SKU-1004,2025-07-09,2025-07-28,2025-07-28,250,250,25.45,70.51
PO-5282,18,SKU-1040,2025-07-10,2025-07-21,2025-07-21,500,500,25.31,31.11
PO-5283,22,SKU-1023,2025-07-10,2025-08-04,2025-08-07,750,750,5.91,129.64
PO-5284,17,SKU-1026,2025-07-12,2025-08-01,2025-07-30,200,200,15.96,39.2
PO-5285,15,SKU-1050,2025-07-11,2025-07-31,2025-08-11,1000,1000,22.85,294.77
PO-5286,6,SKU-1024,2025-07-09,2025-07-26,2025-07-23,250,250,13.92,20.79
PO-5287,23,SKU-1022,2025-07-20,2025-07-28,2025-07-28,1000,1000,40.18,136.98
PO-5288,17,SKU-1014,2025-07-18,2025-08-07,2025-08-21,200,163,8.64,46.19
PO-5289,12,SKU-1037,2025-07-19,2025-08-02,2025-07-30,1000,1000,20.7,286.29
PO-5290,10,SKU-1046,2025-07-19,2025-08-02,2025-08-01,500,500,28.23,112.93
PO-5291,22,SKU-1002,2025-07-15,2025-08-09,2025-08-08,1000,1000,7.93,204.3
PO-5292,5,SKU-1037,2025-07-15,2025-07-25,2025-07-22,200,200,20.7,55.57
PO-5293,4,SKU-1002,2025-07-14,2025-07-28,2025-07-28,500,500,7.93,145.99
PO-5294,2,SKU-1042,2025-07-14,2025-07-24,2025-07-23,200,200,33.81,31.23
PO-5295,6,SKU-1003,2025-07-16,2025-08-02,2025-07-30,250,250,2.8,59.3
PO-5296,1,SKU-1004,2025-07-15,2025-08-03,2025-08-05,500,469,25.45,62.4
PO-5297,6,SKU-1060,2025-07-25,2025-08-11,2025-08-22,100,100,7.84,29.48
PO-5298,10,SKU-1027,2025-07-25,2025-08-08,2025-08-08,100,100,41.12,16.69
PO-5299,23,SKU-1038,2025-07-22,2025-07-30,2025-07-30,1000,1000,33.87,287.83
PO-5300,8,SKU-1006,2025-07-22,2025-08-07,2025-08-07,200,181,27.6,33.76
PO-5301,12,SKU-1008,2025-07-23,2025-08-06,2025-08-06,250,250,5.98,17.41
PO-5302,4,SKU-1028,2025-07-27,2025-08-10,2025-08-08,500,500,38.26,67.54
PO-5303,14,SKU-1003,2025-07-30,2025-08-19,2025-08-18,200,200,2.8,17.79
PO-5304,7,SKU-1018,2025-08-01,2025-08-21,2025-08-19,750,750,3.74,225.67
PO-5305,8,SKU-1011,2025-07-30,2025-08-15,2025-08-15,500,500,36.45,112.11
PO-5306,10,SKU-1031,2025-08-01,2025-08-15,2025-08-15,1000,1000,15.71,261.94
PO-5307,9,SKU-1039,2025-07-31,2025-08-17,2025-08-16,750,750,30.77,174.35
PO-5308,7,SKU-1009,2025-08-03,2025-08-23,2025-08-20,750,750,31.33,203.09
PO-5309,25,SKU-1025,2025-07-28,2025-08-20,2025-08-18,250,204,20.73,18.95
PO-5310,6,SKU-1050,2025-08-03,2025-08-20,2025-08-18,1000,1000,22.85,70.42
PO-5311,12,SKU-1052,2025-08-01,2025-08-15,2025-08-13,100,100,19.65,7.64
PO-5312,5,SKU-1053,2025-08-09,2025-08-19,2025-08-18,500,500,26.19,94.67
PO-5313,21,SKU-1057,2025-08-09,2025-08-29,2025-09-03,250,250,18.68,39.99
PO-5314,22,SKU-1045,2025-08-06,2025-08-31,2025-09-01,1000,1000,18.3,188.77
PO-5315,13,SKU-1023,2025-08-09,2025-08-24,2025-08-23,100,100,5.91,23.27
PO-5316,8,SKU-1046,2025-08-09,2025-08-25,2025-08-22,750,750,28.23,82.07
PO-5317,10,SKU-1010,2025-08-07,2025-08-21,2025-08-20,1000,1000,7.99,103.9
PO-5318,8,SKU-1037,2025-08-07,2025-08-23,2025-08-22,500,500,20.7,111.29
PO-5319,1,SKU-1008,2025-08-10,2025-08-29,2025-08-28,100,100,5.98,22.55
PO-5320,23,SKU-1004,2025-08-05,2025-08-13,2025-08-10,250,250,25.45,81.09
PO-5321,24,SKU-1059,2025-08-04,2025-08-20,2025-08-20,1000,1000,40.68,116.24
PO-5322,3,SKU-1023,2025-08-14,2025-09-01,2025-08-31,1000,1000,5.91,256.52
PO-5323,21,SKU-1041,2025-08-14,2025-09-03,2025-09-01,500,500,7.56,151.98
PO-5324,25,SKU-1009,2025-08-14,2025-09-06,2025-09-03,1000,1000,31.33,217.74
PO-5325,6,SKU-1035,2025-08-12,2025-08-29,2025-09-06,750,750,26.66,254.31
PO-5326,6,SKU-1023,2025-08-13,2025-08-30,2025-08-28,1000,1000,5.91,90.97
PO-5327,23,SKU-1032,2025-08-16,2025-08-24,2025-08-22,100,100,11.77,18.35
PO-5328,21,SKU-1023,2025-08-16,2025-09-05,2025-09-03,750,750,5.91,112.55
PO-5329,4,SKU-1036,2025-08-14,2025-08-28,2025-08-26,1000,1000,33.83,229.6
PO-5330,15,SKU-1054,2025-08-17,2025-09-06,2025-09-04,100,100,21.93,5.37
PO-5331,16,SKU-1014,2025-08-11,2025-08-21,2025-08-20,250,250,8.64,65.12
PO-5332,15,SKU-1008,2025-08-12,2025-09-01,2025-09-01,750,750,5.98,75.32
PO-5333,3,SKU-1003,2025-08-11,2025-08-29,2025-08-29,100,100,2.8,14.95
PO-5334,24,SKU-1037,2025-08-13,2025-08-29,2025-08-29,500,500,20.7,142.58
PO-5335,11,SKU-1001,2025-08-13,2025-08-30,2025-09-09,1000,1000,26.05,269.19
PO-5336,21,SKU-1016,2025-08-18,2025-09-07,2025-09-04,100,100,39.97,30.19
PO-5337,10,SKU-1024,2025-08-19,2025-09-02,2025-09-19,1000,1000,13.92,285.39
PO-5338,10,SKU-1048,2025-08-22,2025-09-05,2025-09-03,1000,1000,26.03,146.05
PO-5339,12,SKU-1009,2025-08-22,2025-09-05,2025-09-04,200,193,31.33,44.01
PO-5340,21,SKU-1059,2025-08-24,2025-09-13,2025-09-26,100,100,40.68,19.83
PO-5341,16,SKU-1047,2025-08-19,2025-08-29,2025-09-01,200,200,22.9,19.82
PO-5342,15,SKU-1041,2025-08-21,2025-09-10,2025-09-07,500,500,7.56,57.74
PO-5343,12,SKU-1001,2025-08-18,2025-09-01,2025-09-01,200,200,26.05,49.7
PO-5344,17,SKU-1046,2025-08-21,2025-09-10,2025-09-13,500,377,28.23,148.91
PO-5345,24,SKU-1011,2025-08-21,2025-09-06,2025-09-06,750,750,36.45,165.19
PO-5346,3,SKU-1035,2025-08-27,2025-09-14,2025-09-14,750,750,26.66,232.22
PO-5347,13,SKU-1039,2025-08-29,2025-09-13,2025-09-10,1000,1000,30.77,232.74
PO-5348,10,SKU-1037,2025-08-29,2025-09-12,2025-09-11,500,500,20.7,45.53
PO-5349,11,SKU-1034,2025-08-30,2025-09-16,2025-09-14,200,200,10.46,36.84
PO-5350,3,SKU-1010,2025-08-30,2025-09-17,2025-09-17,250,250,7.99,54.86
PO-5351,13,SKU-1017,2025-08-25,2025-09-09,2025-09-07,750,750,17.44,87.28
PO-5352,9,SKU-1042,2025-08-25,2025-09-11,2025-09-10,1000,1000,33.81,216.21
PO-5353,8,SKU-1035,2025-08-29,2025-09-14,2025-09-11,500,500,26.66,145.05
PO-5354,5,SKU-1056,2025-08-29,2025-09-08,2025-09-05,1000,1000,6.16,266.48
PO-5355,4,SKU-1030,2025-08-31,2025-09-14,2025-09-12,200,200,34.59,56.5
PO-5356,5,SKU-1024,2025-08-31,2025-09-10,2025-09-10,200,197,13.92,10.91
PO-5357,20,SKU-1014,2025-08-28,2025-09-04,2025-09-02,500,500,8.64,38.16
PO-5358,7,SKU-1037,2025-08-25,2025-09-14,2025-09-26,200,200,20.7,60.49
PO-5359,9,SKU-1008,2025-09-02,2025-09-19,2025-09-18,1000,1000,5.98,294.96
PO-5360,12,SKU-1007,2025-09-03,2025-09-17,2025-09-14,100,100,2.12,25.26
PO-5361,9,SKU-1023,2025-09-02,2025-09-19,2025-09-16,750,750,5.91,215.52
PO-5362,16,SKU-1008,2025-09-01,2025-09-11,2025-09-09,200,200,5.98,27.4
PO-5363,22,SKU-1043,2025-09-04,2025-09-29,2025-10-08,750,750,34.91,208.82
PO-5364,9,SKU-1029,2025-09-01,2025-09-18,2025-09-16,500,500,32.99,155.96
PO-5365,3,SKU-1012,2025-09-12,2025-09-30,2025-09-30,500,500,40.28,128.94
PO-5366,15,SKU-1026,2025-09-09,2025-09-29,2025-10-16,100,100,15.96,20.85
PO-5367,10,SKU-1058,2025-09-09,2025-09-23,2025-09-20,200,200,39.53,31.66
PO-5368,15,SKU-1022,2025-09-12,2025-10-02,2025-10-01,250,212,40.18,48.76
PO-5369,8,SKU-1002,2025-09-09,2025-09-25,2025-09-22,1000,1000,7.93,251.29
PO-5370,9,SKU-1025,2025-09-10,2025-09-27,2025-09-26,250,250,20.73,52.11
PO-5371,23,SKU-1003,2025-09-19,2025-09-27,2025-09-24,200,200,2.8,47.99
PO-5372,21,SKU-1007,2025-09-17,2025-10-07,2025-10-05,200,200,2.12,28.24
PO-5373,25,SKU-1022,2025-09-20,2025-10-13,2025-10-11,250,250,40.18,66.18
PO-5374,11,SKU-1004,2025-09-20,2025-10-07,2025-10-06,500,500,25.45,159.13
PO-5375,8,SKU-1023,2025-09-16,2025-10-02,2025-09-29,1000,1000,5.91,183.66
PO-5376,19,SKU-1050,2025-09-17,2025-10-10,2025-10-13,200,200,22.85,28.51
PO-5377,24,SKU-1037,2025-09-19,2025-10-05,2025-10-04,100,100,20.7,22.5
PO-5378,3,SKU-1038,2025-09-16,2025-10-04,2025-10-03,500,500,33.87,141.17
PO-5379,24,SKU-1056,2025-09-22,2025-10-08,2025-10-07,200,200,6.16,25.45
PO-5380,1,SKU-1049,2025-09-23,2025-10-12,2025-10-10,1000,987,26.46,169.87
PO-5381,7,SKU-1058,2025-09-26,2025-10-16,2025-10-13,200,200,39.53,13.41
PO-5382,5,SKU-1039,2025-09-22,2025-10-02,2025-10-01,1000,1000,30.77,106.45
PO-5383,18,SKU-1042,2025-09-22,2025-10-03,2025-09-30,200,200,33.81,62.06
PO-5384,1,SKU-1042,2025-09-25,2025-10-14,2025-10-13,200,173,33.81,57.78
PO-5385,3,SKU-1041,2025-09-26,2025-10-14,2025-10-14,750,750,7.56,249.05
PO-5386,1,SKU-1002,2025-09-24,2025-10-13,2025-10-12,100,100,7.93,26.3
PO-5387,11,SKU-1011,2025-09-22,2025-10-09,2025-10-07,200,200,36.45,60.44
PO-5388,12,SKU-1053,2025-09-24,2025-10-08,2025-10-06,1000,1000,26.19,222.49
PO-5389,8,SKU-1048,2025-09-26,2025-10-12,2025-10-12,100,100,26.03,14.28
PO-5390,25,SKU-1036,2025-09-27,2025-10-20,2025-10-19,250,250,33.83,83.07
PO-5391,9,SKU-1001,2025-10-03,2025-10-20,2025-10-19,200,200,26.05,23.69
PO-5392,25,SKU-1006,2025-09-29,2025-10-22,2025-10-19,100,100,27.6,11.15
PO-5393,25,SKU-1012,2025-10-01,2025-10-24,2025-11-05,1000,1000,40.28,103.23
PO-5394,24,SKU-1055,2025-10-05,2025-10-21,2025-10-18,250,250,38.85,30.69
PO-5395,16,SKU-1014,2025-10-04,2025-10-14,2025-10-14,500,500,8.64,143.47
PO-5396,1,SKU-1007,2025-10-04,2025-10-23,2025-10-20,1000,1000,2.12,252.26
PO-5397,12,SKU-1004,2025-09-30,2025-10-14,2025-10-14,500,500,25.45,119.07
PO-5398,8,SKU-1002,2025-10-01,2025-10-17,2025-10-17,200,200,7.93,22.19
PO-5399,21,SKU-1018,2025-10-08,2025-10-28,2025-11-13,200,200,3.74,57.45
PO-5400,16,SKU-1056,2025-10-12,2025-10-22,2025-10-20,250,250,6.16,37.36
PO-5401,16,SKU-1056,2025-10-07,2025-10-17,2025-10-17,200,200,6.16,62.97
PO-5402,7,SKU-1055,2025-10-11,2025-10-31,2025-10-31,200,200,38.85,18.39
PO-5403,10,SKU-1044,2025-10-06,2025-10-20,2025-10-18,100,100,13.15,14.08
PO-5404,17,SKU-1048,2025-10-08,2025-10-28,2025-10-26,500,500,26.03,38.53
PO-5405,11,SKU-1042,2025-10-11,2025-10-28,2025-10-27,100,100,33.81,11.04
PO-5406,21,SKU-1045,2025-10-06,2025-10-26,2025-10-24,750,750,18.3,61.1
PO-5407,1,SKU-1004,2025-10-08,2025-10-27,2025-10-24,100,100,25.45,34.12
PO-5408,17,SKU-1028,2025-10-06,2025-10-26,2025-10-24,1000,1000,38.26,200.22
PO-5409,4,SKU-1034,2025-10-08,2025-10-22,2025-10-19,250,250,10.46,76.49
PO-5410,8,SKU-1047,2025-10-06,2025-10-22,2025-10-20,100,100,22.9,7.07
PO-5411,7,SKU-1033,2025-10-13,2025-11-02,2025-11-01,250,205,40.16,15.61
PO-5412,15,SKU-1035,2025-10-15,2025-11-04,2025-11-04,1000,1000,26.66,169.78
PO-5413,11,SKU-1035,2025-10-16,2025-11-02,2025-10-31,500,500,26.66,157.25
PO-5414,5,SKU-1058,2025-10-18,2025-10-28,2025-10-27,1000,1000,39.53,163.09
PO-5415,8,SKU-1053,2025-10-14,2025-10-30,2025-10-27,750,750,26.19,241.92
PO-5416,2,SKU-1026,2025-10-18,2025-10-28,2025-10-28,750,750,15.96,139.99
PO-5417,16,SKU-1048,2025-10-25,2025-11-04,2025-11-03,750,750,26.03,122.98
PO-5418,21,SKU-1051,2025-10-25,2025-11-14,2025-11-26,1000,750,11.34,207.88
PO-5419,20,SKU-1043,2025-10-25,2025-11-01,2025-10-29,1000,1000,34.91,249.27
PO-5420,20,SKU-1049,2025-10-22,2025-10-29,2025-10-29,1000,1000,26.46,226.85
PO-5421,19,SKU-1015,2025-10-21,2025-11-13,2025-11-12,750,750,23.01,75.55
PO-5422,12,SKU-1016,2025-10-25,2025-11-08,2025-11-08,200,200,39.97,59.65
PO-5423,11,SKU-1025,2025-10-29,2025-11-15,2025-11-15,100,100,20.73,26.08
PO-5424,13,SKU-1007,2025-10-29,2025-11-13,2025-11-12,500,500,2.12,66.25
PO-5425,10,SKU-1029,2025-11-01,2025-11-15,2025-11-15,1000,1000,32.99,277.64
PO-5426,5,SKU-1001,2025-11-01,2025-11-11,2025-11-11,750,750,26.05,177.62
PO-5427,17,SKU-1022,2025-11-02,2025-11-22,2025-11-19,750,750,40.18,165.87
PO-5428,2,SKU-1038,2025-10-28,2025-11-07,2025-11-06,250,250,33.87,32.41
PO-5429,3,SKU-1034,2025-11-08,2025-11-26,2025-11-23,200,200,10.46,67.5
PO-5430,10,SKU-1040,2025-11-09,2025-11-23,2025-11-20,1000,1000,25.31,160.15
PO-5431,23,SKU-1049,2025-11-05,2025-11-13,2025-11-27,1000,1000,26.46,127.04
PO-5432,8,SKU-1025,2025-11-09,2025-11-25,2025-11-23,1000,1000,20.73,69.01
PO-5433,7,SKU-1022,2025-11-09,2025-11-29,2025-11-29,500,500,40.18,87.21
PO-5434,21,SKU-1049,2025-11-09,2025-11-29,2025-11-29,500,500,26.46,90.42
PO-5435,16,SKU-1012,2025-11-03,2025-11-13,2025-11-13,200,200,40.28,59.48
PO-5436,22,SKU-1015,2025-11-08,2025-12-03,2025-11-30,1000,1000,23.01,149.05
PO-5437,13,SKU-1050,2025-11-06,2025-11-21,2025-11-19,100,100,22.85,5.46
PO-5438,16,SKU-1006,2025-11-09,2025-11-19,2025-11-19,100,100,27.6,11.0
PO-5439,11,SKU-1031,2025-11-09,2025-11-26,2025-11-26,750,750,15.71,129.06
PO-5440,2,SKU-1056,2025-11-08,2025-11-18,2025-11-17,200,200,6.16,10.36
PO-5441,18,SKU-1018,2025-11-07,2025-11-18,2025-11-17,500,500,3.74,153.83
PO-5442,13,SKU-1033,2025-11-13,2025-11-28,2025-11-27,250,250,40.16,41.02
PO-5443,14,SKU-1055,2025-11-14,2025-12-04,2025-12-02,200,165,38.85,49.14
PO-5444,15,SKU-1043,2025-11-13,2025-12-03,2025-12-01,250,250,34.91,38.13
PO-5445,15,SKU-1059,2025-11-15,2025-12-05,2025-12-02,1000,1000,40.68,209.92
PO-5446,14,SKU-1037,2025-11-16,2025-12-06,2025-12-05,200,200,20.7,27.49
PO-5447,23,SKU-1014,2025-11-16,2025-11-24,2025-12-09,500,500,8.64,91.73
PO-5448,7,SKU-1004,2025-11-11,2025-12-01,2025-11-28,100,100,25.45,31.4
PO-5449,20,SKU-1032,2025-11-11,2025-11-18,2025-11-16,500,500,11.77,133.06
PO-5450,24,SKU-1019,2025-11-16,2025-12-02,2025-11-30,200,200,5.69,52.92
PO-5451,17,SKU-1007,2025-11-13,2025-12-03,2025-11-30,100,100,2.12,24.77
PO-5452,9,SKU-1046,2025-11-13,2025-11-30,2025-11-28,100,100,28.23,9.0
PO-5453,6,SKU-1054,2025-11-13,2025-11-30,2025-11-28,750,750,21.93,196.56
PO-5454,24,SKU-1010,2025-11-12,2025-11-28,2025-12-09,750,750,7.99,71.68
PO-5455,22,SKU-1015,2025-11-13,2025-12-08,2025-12-19,500,500,23.01,68.66
PO-5456,23,SKU-1006,2025-11-18,2025-11-26,2025-11-24,500,500,27.6,85.21
PO-5457,2,SKU-1054,2025-11-19,2025-11-29,2025-11-27,1000,1000,21.93,207.9
PO-5458,10,SKU-1032,2025-11-19,2025-12-03,2025-12-03,100,100,11.77,13.4
PO-5459,10,SKU-1039,2025-11-21,2025-12-05,2025-12-02,200,200,30.77,26.27
PO-5460,25,SKU-1055,2025-11-18,2025-12-11,2025-12-10,100,100,38.85,8.02
PO-5461,1,SKU-1023,2025-11-18,2025-12-07,2025-12-17,100,100,5.91,15.51
PO-5462,16,SKU-1016,2025-11-19,2025-11-29,2025-11-27,100,100,39.97,13.95
PO-5463,3,SKU-1047,2025-11-21,2025-12-09,2025-12-06,200,200,22.9,37.68
PO-5464,2,SKU-1003,2025-11-21,2025-12-01,2025-12-01,1000,1000,2.8,174.6
PO-5465,12,SKU-1005,2025-11-19,2025-12-03,2025-12-01,250,250,39.74,83.12
PO-5466,11,SKU-1001,2025-11-23,2025-12-10,2025-12-10,250,250,26.05,19.55
PO-5467,8,SKU-1008,2025-11-18,2025-12-04,2025-12-01,250,250,5.98,24.8
PO-5468,18,SKU-1003,2025-11-21,2025-12-02,2025-11-30,250,250,2.8,27.76
PO-5469,5,SKU-1059,2025-11-18,2025-11-28,2025-11-26,100,98,40.68,19.65
PO-5470,23,SKU-1048,2025-11-25,2025-12-03,2025-12-01,200,200,26.03,69.89
PO-5471,14,SKU-1026,2025-11-28,2025-12-18,2025-12-17,750,750,15.96,56.47
PO-5472,19,SKU-1014,2025-11-25,2025-12-18,2025-12-15,200,178,8.64,68.98
PO-5473,2,SKU-1014,2025-11-28,2025-12-08,2025-12-06,250,250,8.64,73.29
PO-5474,15,SKU-1038,2025-11-25,2025-12-15,2025-12-15,500,399,33.87,61.73
PO-5475,24,SKU-1033,2025-11-29,2025-12-15,2025-12-14,200,200,40.16,65.49
PO-5476,22,SKU-1022,2025-11-29,2025-12-24,2025-12-25,500,432,40.18,141.89
PO-5477,3,SKU-1049,2025-11-28,2025-12-16,2025-12-14,1000,906,26.46,285.99
PO-5478,3,SKU-1042,2025-11-29,2025-12-17,2025-12-23,500,500,33.81,136.83
PO-5479,9,SKU-1054,2025-12-06,2025-12-23,2025-12-25,1000,1000,21.93,286.55
PO-5480,22,SKU-1038,2025-12-02,2025-12-27,2025-12-26,1000,1000,33.87,209.5
PO-5481,21,SKU-1008,2025-12-01,2025-12-21,2025-12-30,200,200,5.98,45.26
PO-5482,18,SKU-1016,2025-12-04,2025-12-15,2025-12-12,500,500,39.97,84.22
PO-5483,21,SKU-1044,2025-12-07,2025-12-27,2026-01-09,500,500,13.15,59.25
PO-5484,22,SKU-1054,2025-12-07,2026-01-01,2026-01-01,250,218,21.93,57.79
PO-5485,4,SKU-1057,2025-12-07,2025-12-21,2025-12-21,750,750,18.68,70.31
PO-5486,18,SKU-1014,2025-12-01,2025-12-12,2025-12-12,750,664,8.64,57.29
PO-5487,6,SKU-1045,2025-12-11,2025-12-28,2025-12-26,100,100,18.3,23.81
PO-5488,13,SKU-1053,2025-12-09,2025-12-24,2025-12-23,200,200,26.19,23.45
PO-5489,20,SKU-1057,2025-12-11,2025-12-18,2025-12-17,750,750,18.68,173.98
PO-5490,6,SKU-1026,2025-12-12,2025-12-29,2025-12-27,100,100,15.96,18.64
PO-5491,22,SKU-1017,2025-12-13,2026-01-07,2026-01-04,750,750,17.44,206.96
PO-5492,22,SKU-1025,2025-12-09,2026-01-03,2026-01-12,1000,1000,20.73,204.28
PO-5493,11,SKU-1029,2025-12-10,2025-12-27,2026-01-08,250,250,32.99,59.89
PO-5494,13,SKU-1034,2025-12-14,2025-12-29,2025-12-29,500,500,10.46,171.43
PO-5495,2,SKU-1057,2025-12-14,2025-12-24,2025-12-21,750,750,18.68,107.51
PO-5496,17,SKU-1058,2025-12-09,2025-12-29,2025-12-29,100,100,39.53,19.47
PO-5497,9,SKU-1010,2025-12-16,2026-01-02,2025-12-30,500,500,7.99,113.44
PO-5498,9,SKU-1041,2025-12-21,2026-01-07,2026-01-04,500,500,7.56,86.13
PO-5499,3,SKU-1052,2025-12-20,2026-01-07,2026-01-07,1000,1000,19.65,320.85
PO-5500,11,SKU-1011,2025-12-21,2026-01-07,2026-01-04,750,750,36.45,68.97
PO-5501,17,SKU-1052,2025-12-15,2026-01-04,2026-01-02,1000,1000,19.65,66.05
PO-5502,10,SKU-1025,2025-12-21,2026-01-04,2026-01-10,250,250,20.73,83.28
PO-5503,20,SKU-1021,2025-12-25,2026-01-01,2025-12-31,250,250,2.24,41.41
PO-5504,16,SKU-1018,2025-12-22,2026-01-01,2026-01-01,750,750,3.74,180.85
PO-5505,25,SKU-1058,2025-12-24,2026-01-16,2026-01-15,750,750,39.53,163.22
PO-5506,22,SKU-1027,2025-12-28,2026-01-22,2026-01-22,250,250,41.12,42.17
PO-5507,10,SKU-1055,2025-12-27,2026-01-10,2026-01-10,100,77,38.85,21.99
PO-5508,12,SKU-1039,2025-12-24,2026-01-07,2026-01-05,100,100,30.77,7.89
PO-5509,20,SKU-1044,2025-12-28,2026-01-04,2026-01-01,250,250,13.15,25.73
PO-5510,24,SKU-1041,2025-12-27,2026-01-12,2026-01-12,500,500,7.56,143.46
PO-5511,11,SKU-1026,2025-12-25,2026-01-11,2026-01-10,250,250,15.96,65.91
PO-5512,18,SKU-1048,2026-01-02,2026-01-13,2026-01-12,200,200,26.03,50.91
PO-5513,14,SKU-1005,2026-01-02,2026-01-22,2026-01-20,750,750,39.74,85.64
PO-5514,24,SKU-1018,2026-01-04,2026-01-20,2026-01-18,200,200,3.74,60.98
PO-5515,8,SKU-1033,2025-12-29,2026-01-14,2026-01-11,1000,1000,40.16,329.08
PO-5516,13,SKU-1057,2025-12-31,2026-01-15,2026-01-15,750,750,18.68,197.7
PO-5517,25,SKU-1039,2026-01-02,2026-01-25,2026-01-24,750,750,30.77,87.87
PO-5518,4,SKU-1024,2026-01-03,2026-01-17,2026-01-14,250,216,13.92,17.91
PO-5519,11,SKU-1014,2025-12-29,2026-01-15,2026-01-13,500,500,8.64,33.87
PO-5520,19,SKU-1036,2026-01-09,2026-02-01,2026-01-29,750,750,33.83,62.37
PO-5521,8,SKU-1019,2026-01-10,2026-01-26,2026-02-06,750,750,5.69,86.52
PO-5522,7,SKU-1019,2026-01-11,2026-01-31,2026-02-18,1000,800,5.69,101.91
PO-5523,17,SKU-1018,2026-01-08,2026-01-28,2026-01-27,1000,971,3.74,170.04
PO-5524,17,SKU-1038,2026-01-08,2026-01-28,2026-01-25,250,250,33.87,37.21
PO-5525,9,SKU-1005,2026-01-10,2026-01-27,2026-01-25,500,500,39.74,127.4
PO-5526,23,SKU-1040,2026-01-08,2026-01-16,2026-01-14,100,100,25.31,13.48
PO-5527,7,SKU-1005,2026-01-10,2026-01-30,2026-01-31,500,500,39.74,143.54
PO-5528,24,SKU-1013,2026-01-11,2026-01-27,2026-01-26,1000,1000,10.66,56.87
PO-5529,24,SKU-1047,2026-01-09,2026-01-25,2026-01-22,250,250,22.9,13.48
PO-5530,21,SKU-1047,2026-01-10,2026-01-30,2026-01-29,750,750,22.9,74.32
PO-5531,21,SKU-1021,2026-01-07,2026-01-27,2026-01-24,1000,1000,2.24,156.58
PO-5532,1,SKU-1052,2026-01-10,2026-01-29,2026-01-26,250,250,19.65,24.04
PO-5533,16,SKU-1006,2026-01-14,2026-01-24,2026-01-24,200,200,27.6,41.7
PO-5534,9,SKU-1033,2026-01-15,2026-02-01,2026-01-31,1000,767,40.16,107.93
PO-5535,9,SKU-1053,2026-01-16,2026-02-02,2026-02-02,200,200,26.19,60.48
PO-5536,5,SKU-1009,2026-01-12,2026-01-22,2026-01-22,100,97,31.33,18.91
PO-5537,2,SKU-1014,2026-01-16,2026-01-26,2026-01-23,250,250,8.64,54.47
PO-5538,15,SKU-1032,2026-01-18,2026-02-07,2026-02-05,100,100,11.77,32.17
PO-5539,13,SKU-1057,2026-01-12,2026-01-27,2026-01-25,200,200,18.68,44.32
PO-5540,21,SKU-1044,2026-01-17,2026-02-06,2026-02-09,750,750,13.15,49.6
PO-5541,16,SKU-1011,2026-01-15,2026-01-25,2026-01-23,1000,1000,36.45,257.61
PO-5542,16,SKU-1039,2026-01-13,2026-01-23,2026-01-23,750,750,30.77,194.94
PO-5543,8,SKU-1001,2026-01-15,2026-01-31,2026-01-29,1000,1000,26.05,244.33
PO-5544,8,SKU-1007,2026-01-13,2026-01-29,2026-01-26,500,469,2.12,166.18
PO-5545,8,SKU-1050,2026-01-17,2026-02-02,2026-02-02,250,220,22.85,13.87
PO-5546,25,SKU-1057,2026-01-24,2026-02-16,2026-02-14,750,750,18.68,152.73
PO-5547,4,SKU-1033,2026-01-25,2026-02-08,2026-02-21,100,99,40.16,21.68
PO-5548,3,SKU-1033,2026-01-23,2026-02-10,2026-02-07,1000,860,40.16,234.53
PO-5549,15,SKU-1026,2026-01-24,2026-02-13,2026-02-11,100,100,15.96,20.21
PO-5550,15,SKU-1014,2026-01-19,2026-02-08,2026-02-06,1000,1000,8.64,83.12
PO-5551,3,SKU-1035,2026-01-23,2026-02-10,2026-02-07,100,100,26.66,30.49
PO-5552,4,SKU-1006,2026-01-21,2026-02-04,2026-02-03,250,250,27.6,57.98
PO-5553,25,SKU-1013,2026-01-26,2026-02-18,2026-02-15,100,100,10.66,28.02
PO-5554,7,SKU-1034,2026-01-29,2026-02-18,2026-02-18,750,750,10.46,84.94
PO-5555,25,SKU-1047,2026-02-01,2026-02-24,2026-02-21,100,100,22.9,5.92
PO-5556,22,SKU-1009,2026-02-01,2026-02-26,2026-02-28,200,200,31.33,27.6
PO-5557,9,SKU-1046,2026-01-27,2026-02-13,2026-02-12,250,225,28.23,19.6
PO-5558,15,SKU-1011,2026-01-31,2026-02-20,2026-02-20,750,750,36.45,261.21
PO-5559,25,SKU-1021,2026-01-28,2026-02-20,2026-02-17,500,500,2.24,76.11
PO-5560,18,SKU-1057,2026-01-28,2026-02-08,2026-02-07,100,100,18.68,28.25
PO-5561,11,SKU-1051,2026-01-26,2026-02-12,2026-02-09,100,100,11.34,14.41
PO-5562,21,SKU-1022,2026-01-28,2026-02-17,2026-02-14,500,500,40.18,104.64
PO-5563,21,SKU-1043,2026-01-30,2026-02-19,2026-02-19,750,750,34.91,255.17
PO-5564,21,SKU-1014,2026-02-03,2026-02-23,2026-02-20,1000,1000,8.64,264.74
PO-5565,6,SKU-1040,2026-02-05,2026-02-22,2026-02-20,1000,1000,25.31,135.29
PO-5566,13,SKU-1016,2026-02-04,2026-02-19,2026-02-16,100,100,39.97,11.28
PO-5567,9,SKU-1040,2026-02-07,2026-02-24,2026-02-22,1000,982,25.31,258.47
PO-5568,10,SKU-1005,2026-02-02,2026-02-16,2026-02-13,100,100,39.74,9.27
PO-5569,4,SKU-1047,2026-02-05,2026-02-19,2026-02-18,500,500,22.9,40.01
PO-5570,10,SKU-1026,2026-02-05,2026-02-19,2026-02-17,500,500,15.96,156.71
PO-5571,11,SKU-1021,2026-02-15,2026-03-04,2026-03-04,200,200,2.24,22.53
PO-5572,12,SKU-1043,2026-02-11,2026-02-25,2026-02-22,200,194,34.91,19.48
PO-5573,22,SKU-1043,2026-02-13,2026-03-10,2026-03-09,200,169,34.91,15.83
PO-5574,2,SKU-1025,2026-02-11,2026-02-21,2026-02-19,100,99,20.73,13.05
PO-5575,5,SKU-1060,2026-02-11,2026-02-21,2026-02-19,200,200,7.84,54.23
PO-5576,12,SKU-1024,2026-02-10,2026-02-24,2026-02-21,200,200,13.92,19.95
PO-5577,25,SKU-1025,2026-02-15,2026-03-10,2026-03-08,200,200,20.73,61.19
PO-5578,8,SKU-1042,2026-02-12,2026-02-28,2026-02-25,100,100,33.81,16.32
PO-5579,12,SKU-1016,2026-02-11,2026-02-25,2026-02-25,500,500,39.97,93.99
PO-5580,23,SKU-1032,2026-02-09,2026-02-17,2026-02-17,500,500,11.77,161.48
PO-5581,14,SKU-1029,2026-02-09,2026-03-01,2026-02-26,250,250,32.99,47.69
PO-5582,11,SKU-1036,2026-02-09,2026-02-26,2026-02-24,500,500,33.83,109.43
PO-5583,13,SKU-1008,2026-02-09,2026-02-24,2026-03-13,100,100,5.98,10.12
PO-5584,7,SKU-1007,2026-02-16,2026-03-08,2026-03-08,500,500,2.12,44.76
PO-5585,15,SKU-1041,2026-02-18,2026-03-10,2026-03-09,1000,1000,7.56,70.44
PO-5586,23,SKU-1031,2026-02-19,2026-02-27,2026-02-24,1000,1000,15.71,204.4
PO-5587,1,SKU-1042,2026-02-19,2026-03-10,2026-03-07,750,750,33.81,211.33
PO-5588,22,SKU-1039,2026-02-17,2026-03-14,2026-03-12,500,500,30.77,166.84
PO-5589,24,SKU-1003,2026-02-22,2026-03-10,2026-03-08,1000,1000,2.8,229.39
PO-5590,24,SKU-1006,2026-02-19,2026-03-07,2026-03-04,250,250,27.6,23.04
PO-5591,7,SKU-1020,2026-02-21,2026-03-13,2026-03-11,100,100,24.32,25.37
PO-5592,1,SKU-1024,2026-02-19,2026-03-10,2026-03-10,250,250,13.92,83.62
PO-5593,16,SKU-1044,2026-02-17,2026-02-27,2026-02-25,200,200,13.15,22.11
PO-5594,15,SKU-1018,2026-02-17,2026-03-09,2026-03-20,100,100,3.74,15.29
PO-5595,19,SKU-1024,2026-03-01,2026-03-24,2026-03-21,200,200,13.92,25.47
PO-5596,15,SKU-1031,2026-02-27,2026-03-19,2026-03-19,200,200,15.71,43.73
PO-5597,9,SKU-1027,2026-02-24,2026-03-13,2026-03-30,200,200,41.12,63.19
PO-5598,2,SKU-1011,2026-02-24,2026-03-06,2026-03-03,750,750,36.45,215.25
PO-5599,9,SKU-1057,2026-02-27,2026-03-16,2026-03-14,1000,1000,18.68,332.6
PO-5600,14,SKU-1007,2026-02-23,2026-03-15,2026-03-12,100,100,2.12,7.12
PO-5601,5,SKU-1027,2026-03-02,2026-03-12,2026-03-11,1000,1000,41.12,203.84
PO-5602,4,SKU-1029,2026-03-03,2026-03-17,2026-03-16,750,750,32.99,80.85
PO-5603,3,SKU-1038,2026-03-04,2026-03-22,2026-03-20,1000,1000,33.87,243.04
PO-5604,14,SKU-1024,2026-03-06,2026-03-26,2026-03-23,1000,1000,13.92,237.28
PO-5605,16,SKU-1014,2026-03-07,2026-03-17,2026-03-14,500,500,8.64,126.69
PO-5606,23,SKU-1042,2026-03-03,2026-03-11,2026-03-10,200,200,33.81,15.34
PO-5607,7,SKU-1035,2026-03-05,2026-03-25,2026-03-23,1000,1000,26.66,270.58
PO-5608,12,SKU-1025,2026-03-07,2026-03-21,2026-03-20,200,200,20.73,48.39
PO-5609,4,SKU-1003,2026-03-13,2026-03-27,2026-03-27,750,750,2.8,55.0
PO-5610,19,SKU-1030,2026-03-11,2026-04-03,2026-04-02,250,250,34.59,45.29
PO-5611,6,SKU-1052,2026-03-12,2026-03-29,2026-03-27,500,500,19.65,169.37
PO-5612,25,SKU-1019,2026-03-15,2026-04-07,2026-04-05,1000,1000,5.69,227.65
PO-5613,25,SKU-1013,2026-03-11,2026-04-03,2026-04-02,1000,1000,10.66,296.47
PO-5614,20,SKU-1030,2026-03-15,2026-03-22,2026-03-19,200,200,34.59,45.73
PO-5615,14,SKU-1047,2026-03-13,2026-04-02,2026-03-30,100,100,22.9,7.57
PO-5616,8,SKU-1001,2026-03-10,2026-03-26,2026-03-25,1000,1000,26.05,120.91
PO-5617,1,SKU-1008,2026-03-09,2026-03-28,2026-04-04,200,200,5.98,14.4
PO-5618,12,SKU-1021,2026-03-11,2026-03-25,2026-03-25,250,250,2.24,82.04
PO-5619,6,SKU-1017,2026-03-16,2026-04-02,2026-03-30,1000,1000,17.44,89.53
PO-5620,24,SKU-1022,2026-03-18,2026-04-03,2026-04-01,200,200,40.18,69.37
PO-5621,2,SKU-1049,2026-03-17,2026-03-27,2026-03-27,500,500,26.46,27.49
PO-5622,10,SKU-1052,2026-03-16,2026-03-30,2026-03-27,100,100,19.65,10.74
PO-5623,23,SKU-1029,2026-03-22,2026-03-30,2026-03-28,750,750,32.99,186.78
PO-5624,19,SKU-1028,2026-03-17,2026-04-09,2026-04-07,100,100,38.26,18.72
PO-5625,25,SKU-1017,2026-03-20,2026-04-12,2026-04-11,1000,941,17.44,267.31
PO-5626,8,SKU-1033,2026-03-18,2026-04-03,2026-04-03,750,750,40.16,78.89
PO-5627,10,SKU-1043,2026-03-18,2026-04-01,2026-03-29,200,200,34.91,30.33
PO-5628,23,SKU-1046,2026-03-21,2026-03-29,2026-04-08,500,500,28.23,133.18
PO-5629,25,SKU-1039,2026-03-25,2026-04-17,2026-04-14,250,250,30.77,23.84
PO-5630,21,SKU-1057,2026-03-24,2026-04-13,2026-04-11,250,250,18.68,50.51
PO-5631,17,SKU-1056,2026-03-25,2026-04-14,2026-04-14,750,750,6.16,54.36
PO-5632,22,SKU-1005,2026-03-27,2026-04-21,2026-04-21,100,100,39.74,25.06
PO-5633,8,SKU-1029,2026-03-25,2026-04-10,2026-04-10,1000,1000,32.99,184.05
PO-5634,24,SKU-1060,2026-03-25,2026-04-10,2026-04-07,500,381,7.84,66.79
PO-5635,18,SKU-1009,2026-03-30,2026-04-10,2026-04-07,250,250,31.33,76.43
PO-5636,22,SKU-1050,2026-04-01,2026-04-26,2026-04-23,200,200,22.85,15.64
PO-5637,24,SKU-1004,2026-03-30,2026-04-15,2026-04-13,750,750,25.45,53.39
PO-5638,6,SKU-1053,2026-04-03,2026-04-20,2026-04-20,200,200,26.19,33.21
PO-5639,14,SKU-1046,2026-04-01,2026-04-21,2026-04-19,500,500,28.23,42.55
PO-5640,9,SKU-1048,2026-04-04,2026-04-21,2026-05-07,200,200,26.03,46.24
PO-5641,25,SKU-1030,2026-04-09,2026-05-02,2026-04-30,1000,1000,34.59,337.47
PO-5642,4,SKU-1056,2026-04-12,2026-04-26,2026-04-24,100,100,6.16,19.08
PO-5643,23,SKU-1010,2026-04-12,2026-04-20,2026-04-19,200,200,7.99,60.92
PO-5644,22,SKU-1013,2026-04-11,2026-05-06,2026-05-03,200,200,10.66,10.62
PO-5645,25,SKU-1017,2026-04-10,2026-05-03,2026-04-30,250,250,17.44,36.33
PO-5646,9,SKU-1024,2026-04-08,2026-04-25,2026-04-24,500,500,13.92,41.54
PO-5647,8,SKU-1001,2026-04-11,2026-04-27,2026-04-25,1000,1000,26.05,347.19
PO-5648,24,SKU-1011,2026-04-12,2026-04-28,2026-04-27,250,250,36.45,36.94
PO-5649,14,SKU-1054,2026-04-08,2026-04-28,2026-04-27,1000,1000,21.93,153.58
PO-5650,6,SKU-1055,2026-04-08,2026-04-25,2026-04-30,1000,1000,38.85,212.78
PO-5651,18,SKU-1030,2026-04-15,2026-04-26,2026-04-26,1000,1000,34.59,114.24
PO-5652,11,SKU-1024,2026-04-14,2026-05-01,2026-04-28,250,250,13.92,80.23
PO-5653,1,SKU-1015,2026-04-15,2026-05-04,2026-05-01,500,500,23.01,54.77
PO-5654,15,SKU-1041,2026-04-16,2026-05-06,2026-05-06,500,500,7.56,119.85
PO-5655,19,SKU-1031,2026-04-15,2026-05-08,2026-05-18,1000,1000,15.71,221.98
PO-5656,4,SKU-1039,2026-04-17,2026-05-01,2026-05-18,100,100,30.77,17.49
PO-5657,7,SKU-1014,2026-04-22,2026-05-12,2026-05-09,1000,1000,8.64,60.47
PO-5658,19,SKU-1037,2026-04-23,2026-05-16,2026-05-14,500,500,20.7,52.57
PO-5659,10,SKU-1053,2026-04-24,2026-05-08,2026-05-07,100,100,26.19,27.34
PO-5660,2,SKU-1015,2026-04-22,2026-05-02,2026-05-02,200,200,23.01,52.59
PO-5661,14,SKU-1013,2026-04-22,2026-05-12,2026-05-11,750,750,10.66,79.53
PO-5662,18,SKU-1049,2026-04-24,2026-05-05,2026-05-03,750,750,26.46,262.49
PO-5663,18,SKU-1058,2026-04-26,2026-05-07,2026-05-04,1000,1000,39.53,277.86
PO-5664,19,SKU-1024,2026-04-20,2026-05-13,2026-05-20,750,621,13.92,229.01
PO-5665,23,SKU-1058,2026-04-25,2026-05-03,2026-05-20,500,500,39.53,108.99
PO-5666,5,SKU-1041,2026-04-30,2026-05-10,2026-05-10,200,200,7.56,25.55
PO-5667,9,SKU-1015,2026-04-30,2026-05-17,2026-05-17,100,100,23.01,5.17
PO-5668,11,SKU-1058,2026-05-02,2026-05-19,2026-05-17,750,750,39.53,153.75
PO-5669,6,SKU-1015,2026-05-01,2026-05-18,2026-05-16,750,750,23.01,62.21
PO-5670,15,SKU-1046,2026-05-01,2026-05-21,2026-05-20,500,500,28.23,32.88
PO-5671,1,SKU-1029,2026-05-03,2026-05-22,2026-05-19,750,750,32.99,69.47
PO-5672,15,SKU-1011,2026-05-02,2026-05-22,2026-05-21,500,500,36.45,61.77
PO-5673,7,SKU-1015,2026-04-28,2026-05-18,2026-05-30,750,750,23.01,107.26
PO-5674,15,SKU-1006,2026-05-05,2026-05-25,2026-05-24,100,100,27.6,10.51
PO-5675,16,SKU-1054,2026-05-07,2026-05-17,2026-05-17,500,500,21.93,95.71
PO-5676,7,SKU-1031,2026-05-08,2026-05-28,2026-05-26,200,155,15.71,33.01
PO-5677,3,SKU-1026,2026-05-04,2026-05-22,2026-05-22,250,250,15.96,64.3
PO-5678,13,SKU-1042,2026-05-05,2026-05-20,2026-05-17,100,100,33.81,26.85
PO-5679,12,SKU-1033,2026-05-09,2026-05-23,2026-05-23,500,500,40.16,48.47
PO-5680,21,SKU-1043,2026-05-09,2026-05-29,2026-05-27,1000,1000,34.91,305.47
PO-5681,11,SKU-1038,2026-05-08,2026-05-25,2026-05-24,200,200,33.87,34.15
PO-5682,6,SKU-1019,2026-05-04,2026-05-21,2026-05-18,750,750,5.69,145.41
PO-5683,9,SKU-1024,2026-05-15,2026-06-01,2026-06-13,750,750,13.92,246.61
PO-5684,21,SKU-1031,2026-05-11,2026-05-31,2026-05-31,750,750,15.71,214.34
PO-5685,9,SKU-1002,2026-05-13,2026-05-30,2026-05-27,250,250,7.93,59.62
PO-5686,1,SKU-1018,2026-05-13,2026-06-01,2026-06-01,200,200,3.74,32.64
PO-5687,3,SKU-1013,2026-05-12,2026-05-30,2026-05-28,200,200,10.66,23.16
PO-5688,14,SKU-1017,2026-05-11,2026-05-31,2026-05-28,200,200,17.44,65.32
PO-5689,3,SKU-1050,2026-05-12,2026-05-30,2026-05-28,100,100,22.85,30.76
PO-5690,13,SKU-1028,2026-05-11,2026-05-26,2026-05-24,750,750,38.26,105.38
PO-5691,3,SKU-1004,2026-05-12,2026-05-30,2026-05-27,250,250,25.45,59.76
PO-5692,4,SKU-1030,2026-05-12,2026-05-26,2026-05-24,750,750,34.59,249.27
PO-5693,7,SKU-1024,2026-05-11,2026-05-31,2026-06-14,250,250,13.92,31.5
PO-5694,8,SKU-1031,2026-05-11,2026-05-27,2026-06-02,200,200,15.71,19.13
PO-5695,12,SKU-1041,2026-05-16,2026-05-30,2026-05-30,750,750,7.56,241.23
PO-5696,18,SKU-1051,2026-05-22,2026-06-02,2026-06-02,100,100,11.34,15.11
PO-5697,13,SKU-1033,2026-05-19,2026-06-03,2026-06-01,500,500,40.16,82.5
PO-5698,23,SKU-1042,2026-05-18,2026-05-26,2026-05-23,250,250,33.81,62.7
PO-5699,19,SKU-1025,2026-05-23,2026-06-15,2026-06-14,500,500,20.73,164.34
PO-5700,20,SKU-1011,2026-05-20,2026-05-27,2026-05-25,250,250,36.45,28.32
PO-5701,22,SKU-1051,2026-05-22,2026-06-16,2026-06-27,250,250,11.34,54.49
PO-5702,20,SKU-1022,2026-05-19,2026-05-26,2026-05-26,250,250,40.18,86.66
PO-5703,16,SKU-1060,2026-05-24,2026-06-03,2026-06-01,500,500,7.84,111.0
PO-5704,10,SKU-1038,2026-05-22,2026-06-05,2026-06-02,100,100,33.87,9.01
PO-5705,13,SKU-1018,2026-05-18,2026-06-02,2026-06-02,500,500,3.74,146.43
PO-5706,3,SKU-1047,2026-05-21,2026-06-08,2026-06-05,100,100,22.9,26.65
PO-5707,7,SKU-1005,2026-05-23,2026-06-12,2026-06-11,200,200,39.74,66.58
PO-5708,17,SKU-1028,2026-05-24,2026-06-13,2026-06-12,500,500,38.26,72.65
PO-5709,4,SKU-1003,2026-05-30,2026-06-13,2026-06-12,100,100,2.8,30.95
PO-5710,24,SKU-1048,2026-05-26,2026-06-11,2026-06-11,200,200,26.03,40.38
PO-5711,15,SKU-1031,2026-05-25,2026-06-14,2026-06-11,200,200,15.71,38.14
PO-5712,23,SKU-1006,2026-05-30,2026-06-07,2026-06-05,200,200,27.6,55.47
PO-5713,21,SKU-1012,2026-05-31,2026-06-20,2026-06-19,200,200,40.28,65.79
PO-5714,16,SKU-1055,2026-05-31,2026-06-10,2026-06-09,100,100,38.85,32.19
PO-5715,20,SKU-1020,2026-05-31,2026-06-07,2026-06-07,750,750,24.32,255.26
PO-5716,7,SKU-1007,2026-05-28,2026-06-17,2026-06-28,1000,901,2.12,119.61
PO-5717,15,SKU-1031,2026-05-31,2026-06-20,2026-06-18,250,250,15.71,63.79
PO-5718,18,SKU-1021,2026-05-28,2026-06-08,2026-06-06,500,500,2.24,164.98
PO-5719,19,SKU-1024,2026-05-25,2026-06-17,2026-06-16,200,200,13.92,15.72
PO-5720,13,SKU-1008,2026-05-26,2026-06-10,2026-06-09,250,250,5.98,53.56
PO-5721,11,SKU-1050,2026-05-25,2026-06-11,2026-06-11,100,100,22.85,18.66
PO-5722,19,SKU-1050,2026-06-06,2026-06-29,2026-06-29,1000,1000,22.85,337.44
PO-5723,22,SKU-1043,2026-06-02,2026-06-27,2026-06-25,250,250,34.91,65.73
PO-5724,23,SKU-1038,2026-06-01,2026-06-09,2026-06-07,750,618,33.87,151.68
PO-5725,4,SKU-1049,2026-06-07,2026-06-21,2026-06-18,1000,1000,26.46,80.21
PO-5726,7,SKU-1044,2026-06-05,2026-06-25,2026-06-22,250,222,13.15,19.07
PO-5727,9,SKU-1021,2026-06-05,2026-06-22,2026-06-22,250,250,2.24,56.71
PO-5728,6,SKU-1001,2026-06-05,2026-06-22,2026-06-20,200,200,26.05,65.92
PO-5729,9,SKU-1038,2026-06-06,2026-06-23,2026-06-22,1000,1000,33.87,171.52
PO-5730,23,SKU-1002,2026-06-01,2026-06-09,2026-06-09,100,100,7.93,31.77
PO-5731,17,SKU-1010,2026-06-04,2026-06-24,2026-06-21,100,100,7.99,34.81
PO-5732,20,SKU-1035,2026-06-06,2026-06-13,2026-06-12,1000,1000,26.66,90.02
PO-5733,9,SKU-1035,2026-06-09,2026-06-26,2026-06-24,200,200,26.66,57.81
PO-5734,4,SKU-1011,2026-06-10,2026-06-24,2026-06-21,750,750,36.45,141.75
PO-5735,25,SKU-1001,2026-06-13,2026-07-06,2026-07-06,200,200,26.05,55.41
PO-5736,8,SKU-1058,2026-06-14,2026-06-30,2026-06-27,500,500,39.53,89.4
PO-5737,16,SKU-1049,2026-06-08,2026-06-18,2026-06-15,500,500,26.46,60.83
PO-5738,2,SKU-1039,2026-06-09,2026-06-19,2026-06-18,100,100,30.77,27.63
PO-5739,11,SKU-1042,2026-06-08,2026-06-25,2026-06-24,100,100,33.81,33.1
PO-5740,8,SKU-1044,2026-06-09,2026-06-25,2026-06-25,250,250,13.15,20.46
PO-5741,17,SKU-1028,2026-06-09,2026-06-29,2026-06-29,100,100,38.26,27.05
PO-5742,24,SKU-1011,2026-06-14,2026-06-30,2026-06-27,250,250,36.45,37.65
PO-5743,4,SKU-1034,2026-06-13,2026-06-27,2026-06-25,750,750,10.46,89.01
PO-5744,14,SKU-1017,2026-06-20,2026-07-10,2026-07-08,500,471,17.44,124.28
PO-5745,4,SKU-1013,2026-06-18,2026-07-02,2026-07-01,250,250,10.66,32.47
PO-5746,22,SKU-1022,2026-06-16,2026-07-11,2026-07-11,1000,1000,40.18,70.73
PO-5747,3,SKU-1005,2026-06-15,2026-07-03,2026-07-02,1000,1000,39.74,200.69
PO-5748,16,SKU-1017,2026-06-16,2026-06-26,2026-06-26,750,750,17.44,103.19
PO-5749,19,SKU-1053,2026-06-18,2026-07-11,2026-07-08,500,500,26.19,124.0
PO-5750,1,SKU-1045,2026-06-16,2026-07-05,2026-07-02,1000,1000,18.3,72.47
PO-5751,11,SKU-1016,2026-06-15,2026-07-02,2026-07-01,250,250,39.97,74.74
PO-5752,14,SKU-1046,2026-06-21,2026-07-11,2026-07-11,500,500,28.23,44.8
PO-5753,24,SKU-1028,2026-06-28,2026-07-14,2026-07-12,1000,1000,38.26,265.05
PO-5754,4,SKU-1052,2026-06-25,2026-07-09,2026-07-07,100,100,19.65,31.22
PO-5755,3,SKU-1056,2026-06-24,2026-07-12,2026-07-23,1000,1000,6.16,309.53
PO-5756,19,SKU-1029,2026-06-27,2026-07-20,2026-07-18,250,250,32.99,48.72
PO-5757,11,SKU-1009,2026-06-24,2026-07-11,2026-07-09,750,750,31.33,150.65
PO-5758,17,SKU-1002,2026-06-25,2026-07-15,2026-07-13,100,100,7.93,13.27
PO-5759,25,SKU-1041,2026-06-27,2026-07-20,2026-07-19,750,750,7.56,195.98
PO-5760,17,SKU-1035,2026-06-25,2026-07-15,2026-07-14,500,500,26.66,29.78
PO-5761,9,SKU-1031,2026-06-24,2026-07-11,2026-07-09,1000,1000,15.71,157.38
PO-5762,10,SKU-1030,2026-06-24,2026-07-08,2026-07-07,1000,1000,34.59,297.81
PO-5763,14,SKU-1042,2026-06-27,2026-07-17,2026-07-16,1000,859,33.81,68.26
PO-5764,12,SKU-1027,2026-06-22,2026-07-06,2026-07-05,200,200,41.12,38.33
PO-5765,24,SKU-1051,2026-06-27,2026-07-13,2026-07-13,100,100,11.34,13.1
PO-5766,16,SKU-1003,2026-06-27,2026-07-07,2026-07-06,500,500,2.8,90.89
PO-5767,5,SKU-1021,2026-06-30,2026-07-10,2026-07-16,1000,1000,2.24,134.28
PO-5768,22,SKU-1055,2026-06-30,2026-07-25,2026-07-23,100,100,38.85,10.77
PO-5769,25,SKU-1051,2026-07-01,2026-07-24,2026-07-21,250,250,11.34,42.31
PO-5770,20,SKU-1017,2026-06-29,2026-07-06,2026-07-04,500,500,17.44,135.36
PO-5771,4,SKU-1049,2026-07-01,2026-07-15,2026-07-12,750,750,26.46,84.04
PO-5772,19,SKU-1044,2026-07-03,2026-07-26,2026-07-25,100,100,13.15,30.66
PO-5773,8,SKU-1015,2026-07-02,2026-07-18,2026-07-17,100,89,23.01,20.48
PO-5774,20,SKU-1006,2026-07-03,2026-07-10,2026-07-08,200,200,27.6,69.59
PO-5775,12,SKU-1001,2026-06-30,2026-07-14,2026-07-14,200,200,26.05,35.34
PO-5776,11,SKU-1038,2026-06-30,2026-07-17,2026-07-14,750,750,33.87,219.85
PO-5777,9,SKU-1031,2026-07-05,2026-07-22,2026-07-22,100,87,15.71,18.86
PO-5778,20,SKU-1040,2026-06-30,2026-07-07,2026-07-07,750,750,25.31,73.46
